{
    "counter": {
        "ACTIVE": 575,
        "INACTIVE": 2,
        "INVALID": 0,
        "MALICIOUS": 0,
        "SANE": 0,
        "VALID": 0,
        "total": 577
    },
    "percentage": {
        "ACTIVE": 99.82638888888889,
        "INACTIVE": 0.3466204506065858,
        "INVALID": 0,
        "MALICIOUS": 0,
        "SANE": 0,
        "VALID": 0,
        "total": 100.17300933949547
    }
}