{
    "counter": {
        "ACTIVE": 576,
        "INACTIVE": 4,
        "INVALID": 0,
        "MALICIOUS": 0,
        "SANE": 0,
        "VALID": 0,
        "total": 580
    },
    "percentage": {
        "ACTIVE": 99.3103448275862,
        "INACTIVE": 0.8733624454148472,
        "INVALID": 0,
        "MALICIOUS": 0,
        "SANE": 0,
        "VALID": 0,
        "total": 100.18370727300105
    }
}