{
    "counter": {
        "ACTIVE": 580,
        "INACTIVE": 1,
        "INVALID": 0,
        "MALICIOUS": 0,
        "SANE": 0,
        "VALID": 0,
        "total": 581
    },
    "percentage": {
        "ACTIVE": 99.82788296041308,
        "INACTIVE": 0.2183406113537118,
        "INVALID": 0,
        "MALICIOUS": 0,
        "SANE": 0,
        "VALID": 0,
        "total": 100.04622357176679
    }
}