{
    "counter": {
        "ACTIVE": 579,
        "INACTIVE": 3,
        "INVALID": 0,
        "MALICIOUS": 0,
        "SANE": 0,
        "VALID": 0,
        "total": 582
    },
    "percentage": {
        "ACTIVE": 99.48453608247422,
        "INACTIVE": 0.6535947712418301,
        "INVALID": 0,
        "MALICIOUS": 0,
        "SANE": 0,
        "VALID": 0,
        "total": 100.13813085371605
    }
}