{
    "counter": {
        "ACTIVE": 484,
        "INACTIVE": 2,
        "INVALID": 0,
        "MALICIOUS": 0,
        "SANE": 0,
        "VALID": 0,
        "total": 486
    },
    "percentage": {
        "ACTIVE": 99.58847736625515,
        "INACTIVE": 0.4329004329004329,
        "INVALID": 0,
        "MALICIOUS": 0,
        "SANE": 0,
        "VALID": 0,
        "total": 100.02137779915559
    }
}