{
    "counter": {
        "ACTIVE": 578,
        "INACTIVE": 2,
        "INVALID": 0,
        "MALICIOUS": 0,
        "SANE": 0,
        "VALID": 0,
        "total": 580
    },
    "percentage": {
        "ACTIVE": 99.65517241379311,
        "INACTIVE": 0.44150110375275936,
        "INVALID": 0,
        "MALICIOUS": 0,
        "SANE": 0,
        "VALID": 0,
        "total": 100.09667351754587
    }
}