{
    "counter": {
        "ACTIVE": 558,
        "INACTIVE": 2,
        "INVALID": 0,
        "MALICIOUS": 0,
        "SANE": 0,
        "VALID": 0,
        "total": 560
    },
    "percentage": {
        "ACTIVE": 99.64285714285714,
        "INACTIVE": 0.4618937644341801,
        "INVALID": 0,
        "MALICIOUS": 0,
        "SANE": 0,
        "VALID": 0,
        "total": 100.10475090729132
    }
}