{
    "counter": {
        "ACTIVE": 559,
        "INACTIVE": 3,
        "INVALID": 0,
        "MALICIOUS": 0,
        "SANE": 0,
        "VALID": 0,
        "total": 562
    },
    "percentage": {
        "ACTIVE": 99.4661921708185,
        "INACTIVE": 0.684931506849315,
        "INVALID": 0,
        "MALICIOUS": 0,
        "SANE": 0,
        "VALID": 0,
        "total": 100.15112367766781
    }
}