{
    "counter": {
        "ACTIVE": 571,
        "INACTIVE": 1,
        "INVALID": 0,
        "MALICIOUS": 0,
        "SANE": 0,
        "VALID": 0,
        "total": 572
    },
    "percentage": {
        "ACTIVE": 99.82517482517483,
        "INACTIVE": 1.2345679012345678,
        "INVALID": 0,
        "MALICIOUS": 0,
        "SANE": 0,
        "VALID": 0,
        "total": 101.0597427264094
    }
}