{
    "counter": {
        "ACTIVE": 554,
        "INACTIVE": 1,
        "INVALID": 0,
        "MALICIOUS": 0,
        "SANE": 0,
        "VALID": 0,
        "total": 555
    },
    "percentage": {
        "ACTIVE": 99.81981981981981,
        "INACTIVE": 0.5181347150259067,
        "INVALID": 0,
        "MALICIOUS": 0,
        "SANE": 0,
        "VALID": 0,
        "total": 100.33795453484572
    }
}