{
    "counter": {
        "ACTIVE": 579,
        "INACTIVE": 3,
        "INVALID": 0,
        "MALICIOUS": 0,
        "SANE": 0,
        "VALID": 0,
        "total": 582
    },
    "percentage": {
        "ACTIVE": 99.48453608247422,
        "INACTIVE": 1.0416666666666667,
        "INVALID": 0,
        "MALICIOUS": 0,
        "SANE": 0,
        "VALID": 0,
        "total": 100.5262027491409
    }
}