{
    "counter": {
        "ACTIVE": 582,
        "INACTIVE": 1,
        "INVALID": 0,
        "MALICIOUS": 0,
        "SANE": 0,
        "VALID": 0,
        "total": 583
    },
    "percentage": {
        "ACTIVE": 99.82847341337907,
        "INACTIVE": 0.21978021978021978,
        "INVALID": 0,
        "MALICIOUS": 0,
        "SANE": 0,
        "VALID": 0,
        "total": 100.04825363315929
    }
}