{
    "counter": {
        "ACTIVE": 375,
        "INACTIVE": 3,
        "INVALID": 0,
        "MALICIOUS": 0,
        "SANE": 0,
        "VALID": 0,
        "total": 378
    },
    "percentage": {
        "ACTIVE": 99.2063492063492,
        "INACTIVE": 5.882352941176471,
        "INVALID": 0,
        "MALICIOUS": 0,
        "SANE": 0,
        "VALID": 0,
        "total": 105.08870214752568
    }
}