{
    "counter": {
        "ACTIVE": 580,
        "INACTIVE": 1,
        "INVALID": 0,
        "MALICIOUS": 0,
        "SANE": 0,
        "VALID": 0,
        "total": 581
    },
    "percentage": {
        "ACTIVE": 99.82788296041308,
        "INACTIVE": 0.22123893805309736,
        "INVALID": 0,
        "MALICIOUS": 0,
        "SANE": 0,
        "VALID": 0,
        "total": 100.04912189846617
    }
}