{
    "counter": {
        "ACTIVE": 578,
        "INACTIVE": 4,
        "INVALID": 0,
        "MALICIOUS": 0,
        "SANE": 0,
        "VALID": 0,
        "total": 582
    },
    "percentage": {
        "ACTIVE": 99.3127147766323,
        "INACTIVE": 0.87527352297593,
        "INVALID": 0,
        "MALICIOUS": 0,
        "SANE": 0,
        "VALID": 0,
        "total": 100.18798829960824
    }
}