{
    "counter": {
        "ACTIVE": 514,
        "INACTIVE": 2,
        "INVALID": 0,
        "MALICIOUS": 0,
        "SANE": 0,
        "VALID": 0,
        "total": 516
    },
    "percentage": {
        "ACTIVE": 99.6124031007752,
        "INACTIVE": 0.4618937644341801,
        "INVALID": 0,
        "MALICIOUS": 0,
        "SANE": 0,
        "VALID": 0,
        "total": 100.07429686520938
    }
}