{
    "counter": {
        "ACTIVE": 578,
        "INACTIVE": 3,
        "INVALID": 0,
        "MALICIOUS": 0,
        "SANE": 0,
        "VALID": 0,
        "total": 581
    },
    "percentage": {
        "ACTIVE": 99.48364888123925,
        "INACTIVE": 0.6521739130434783,
        "INVALID": 0,
        "MALICIOUS": 0,
        "SANE": 0,
        "VALID": 0,
        "total": 100.13582279428273
    }
}