{
    "counter": {
        "ACTIVE": 576,
        "INACTIVE": 1,
        "INVALID": 0,
        "MALICIOUS": 0,
        "SANE": 0,
        "VALID": 0,
        "total": 577
    },
    "percentage": {
        "ACTIVE": 99.8266897746967,
        "INACTIVE": 0.21929824561403508,
        "INVALID": 0,
        "MALICIOUS": 0,
        "SANE": 0,
        "VALID": 0,
        "total": 100.04598802031074
    }
}