{
    "counter": {
        "ACTIVE": 579,
        "INACTIVE": 1,
        "INVALID": 0,
        "MALICIOUS": 0,
        "SANE": 0,
        "VALID": 0,
        "total": 580
    },
    "percentage": {
        "ACTIVE": 99.82758620689656,
        "INACTIVE": 0.2881844380403458,
        "INVALID": 0,
        "MALICIOUS": 0,
        "SANE": 0,
        "VALID": 0,
        "total": 100.1157706449369
    }
}