{
    "counter": {
        "ACTIVE": 495,
        "INACTIVE": 1,
        "INVALID": 0,
        "MALICIOUS": 0,
        "SANE": 0,
        "VALID": 0,
        "total": 496
    },
    "percentage": {
        "ACTIVE": 99.79838709677419,
        "INACTIVE": 0.2358490566037736,
        "INVALID": 0,
        "MALICIOUS": 0,
        "SANE": 0,
        "VALID": 0,
        "total": 100.03423615337796
    }
}