{
    "counter": {
        "ACTIVE": 560,
        "INACTIVE": 1,
        "INVALID": 0,
        "MALICIOUS": 0,
        "SANE": 0,
        "VALID": 0,
        "total": 561
    },
    "percentage": {
        "ACTIVE": 99.82174688057042,
        "INACTIVE": 0.23148148148148148,
        "INVALID": 0,
        "MALICIOUS": 0,
        "SANE": 0,
        "VALID": 0,
        "total": 100.0532283620519
    }
}