{
    "counter": {
        "ACTIVE": 435,
        "INACTIVE": 3,
        "INVALID": 0,
        "MALICIOUS": 0,
        "SANE": 0,
        "VALID": 0,
        "total": 438
    },
    "percentage": {
        "ACTIVE": 99.31506849315069,
        "INACTIVE": 1.0416666666666667,
        "INVALID": 0,
        "MALICIOUS": 0,
        "SANE": 0,
        "VALID": 0,
        "total": 100.35673515981736
    }
}