{
    "counter": {
        "ACTIVE": 582,
        "INACTIVE": 3,
        "INVALID": 0,
        "MALICIOUS": 0,
        "SANE": 0,
        "VALID": 0,
        "total": 585
    },
    "percentage": {
        "ACTIVE": 99.48717948717949,
        "INACTIVE": 0.591715976331361,
        "INVALID": 0,
        "MALICIOUS": 0,
        "SANE": 0,
        "VALID": 0,
        "total": 100.07889546351085
    }
}