{
    "counter": {
        "ACTIVE": 583,
        "INACTIVE": 1,
        "INVALID": 0,
        "MALICIOUS": 0,
        "SANE": 0,
        "VALID": 0,
        "total": 584
    },
    "percentage": {
        "ACTIVE": 99.82876712328768,
        "INACTIVE": 0.18315018315018314,
        "INVALID": 0,
        "MALICIOUS": 0,
        "SANE": 0,
        "VALID": 0,
        "total": 100.01191730643787
    }
}