{
    "counter": {
        "ACTIVE": 252,
        "INACTIVE": 1,
        "INVALID": 0,
        "MALICIOUS": 0,
        "SANE": 0,
        "VALID": 0,
        "total": 253
    },
    "percentage": {
        "ACTIVE": 99.60474308300395,
        "INACTIVE": 0.591715976331361,
        "INVALID": 0,
        "MALICIOUS": 0,
        "SANE": 0,
        "VALID": 0,
        "total": 100.19645905933531
    }
}