{
    "counter": {
        "ACTIVE": 581,
        "INACTIVE": 1,
        "INVALID": 0,
        "MALICIOUS": 0,
        "SANE": 0,
        "VALID": 0,
        "total": 582
    },
    "percentage": {
        "ACTIVE": 99.82817869415807,
        "INACTIVE": 0.21929824561403508,
        "INVALID": 0,
        "MALICIOUS": 0,
        "SANE": 0,
        "VALID": 0,
        "total": 100.04747693977211
    }
}