{
    "counter": {
        "ACTIVE": 563,
        "INACTIVE": 1,
        "INVALID": 0,
        "MALICIOUS": 0,
        "SANE": 0,
        "VALID": 0,
        "total": 564
    },
    "percentage": {
        "ACTIVE": 99.822695035461,
        "INACTIVE": 0.22779043280182232,
        "INVALID": 0,
        "MALICIOUS": 0,
        "SANE": 0,
        "VALID": 0,
        "total": 100.05048546826282
    }
}