{
    "counter": {
        "ACTIVE": 561,
        "INACTIVE": 1,
        "INVALID": 0,
        "MALICIOUS": 0,
        "SANE": 0,
        "VALID": 0,
        "total": 562
    },
    "percentage": {
        "ACTIVE": 99.8220640569395,
        "INACTIVE": 0.22988505747126436,
        "INVALID": 0,
        "MALICIOUS": 0,
        "SANE": 0,
        "VALID": 0,
        "total": 100.05194911441076
    }
}